plo,pi
PLO1,PI1.1.1
PLO1,PI1.1.2
PLO1,PI1.1.3
PLO1,PI1.2.1
PLO1,PI1.2.2
PLO1,PI1.2.3
PLO1,PI1.2.4
PLO1,PI1.3.1
PLO1,PI1.3.2
PLO1,PI1.3.3
PLO1,PI1.3.4
PLO1,PI1.5.1
PLO1,PI2.1.3
PLO1,PI3.2.6
PLO1,PI3.11.2
PLO1,PI4.1.2
PLO1,PI4.1.3
PLO1,PI4.1.4
PLO1,PI4.1.5
PLO1,PI4.2.3
PLO1,PI4.3.1
PLO1,PI4.3.2
PLO1,PI4.3.3
PLO2,PI1.4.1
PLO2,PI1.4.2
PLO2,PI1.4.3
PLO2,PI1.4.4
PLO2,PI1.4.5
PLO2,PI2.3.1
PLO2,PI2.3.2
PLO2,PI5.1.1
PLO2,PI5.2.1
PLO2,PI5.2.2
PLO2,PI5.2.3
PLO2,PI5.2.4
PLO2,PI5.2.5
PLO2,PI5.2.6
PLO2,PI5.3.1
PLO2,PI5.3.2
PLO2,PI5.4.1
PLO2,PI5.4.2
PLO3,PI1.4.6
PLO3,PI1.4.7
PLO3,PI4.1.4
PLO4,PI2.1.1
PLO4,PI2.1.2
PLO4,PI2.1.5
PLO4,PI2.1.9
PLO4,PI2.1.14
PLO5,PI2.1.4
PLO5,PI2.1.5
PLO5,PI2.1.6
PLO5,PI2.1.12
PLO5,PI3.2.1
PLO5,PI3.2.2
PLO5,PI3.2.3
PLO5,PI3.2.4
PLO5,PI3.7.1
PLO5,PI3.11.1
PLO6,PI2.1.4
PLO6,PI2.1.5
PLO6,PI2.1.10
PLO6,PI2.1.11
PLO6,PI2.2.3
PLO6,PI3.9.1
PLO6,PI3.1.1
PLO6,PI3.3.1
PLO6,PI3.3.2
PLO6,PI3.3.3
PLO6,PI3.5.1
PLO6,PI3.5.2
PLO6,PI3.5.3
PLO6,PI3.5.4
PLO6,PI3.5.5
PLO6,PI3.5.6
PLO6,PI5.4.2
PLO7,PI2.1.4
PLO7,PI2.1.6
PLO7,PI2.1.7
PLO7,PI2.1.8
PLO7,PI2.1.13
PLO7,PI3.2.2
PLO7,PI3.2.3
PLO7,PI3.2.5
PLO7,PI3.4.1
PLO7,PI3.4.2
PLO7,PI3.4.3
PLO7,PI3.4.4
PLO7,PI3.4.5
PLO7,PI3.6.1
PLO7,PI3.6.2
PLO7,PI3.7.1
PLO7,PI3.7.2
PLO7,PI3.7.3
PLO7,PI3.7.4
PLO7,PI3.7.5
PLO7,PI3.8.1
PLO7,PI3.8.2
PLO7,PI3.8.3
PLO7,PI3.8.4
PLO7,PI3.10.1
PLO7,PI3.10.2
PLO7,PI5.5.1
PLO8,PI2.2.1
PLO8,PI2.2.2
PLO8,PI2.2.3
PLO8,PI2.2.4
PLO8,PI2.2.5
PLO8,PI2.2.6
PLO8,PI3.9.1
PLO8,PI3.9.2
PLO8,PI3.10.1
PLO8,PI3.10.2
PLO8,PI4.2.1
PLO8,PI4.2.2
PLO8,PI4.2.3
PLO8,PI4.2.4
PLO8,PI5.1.2
PLO8,PI5.2.6
PLO8,PI5.4.1
